Time (Sec);S8;S1;S6;S7;S9;S14;S13;S12;S15;S5;S2;S3;S4;S21;S10;S17;S19;S18;S20;S16;S11;S23;S22;
0.0;100.0;100.0;100.0;100.0;100.0;100.0;100.0;100.0;100.0;100.0;100.0;100.0;100.0;100.0;100.0;100.0;100.0;100.0;100.0;100.0;100.0;100.0;100.0;
1.0168840000000001;99.4488320000002;99.45666560000019;99.45666560000019;99.4488320000002;99.45666560000019;99.45666560000019;99.4409984000002;99.45666560000019;99.4488320000002;99.45666560000019;99.45666560000019;99.45666560000019;99.4488320000002;100.0;99.45666560000019;99.4488320000002;99.4488320000002;99.45666560000019;99.45666560000019;99.45666560000019;99.45666560000019;100.0;100.0;
2.007050666666667;99.19938560000028;99.19938560000028;99.19938560000028;99.19155200000029;99.19938560000028;99.19155200000029;99.19155200000029;99.20721920000028;99.18371840000029;99.19938560000028;99.19938560000028;99.20721920000028;99.19155200000029;100.0;99.20721920000028;99.19938560000028;99.19938560000028;99.20721920000028;99.19938560000028;99.19938560000028;99.20721920000028;100.0;100.0;
3.0045506666666664;98.94261760000037;98.93478400000038;98.94261760000037;98.92695040000038;98.94261760000037;98.92695040000038;98.93478400000038;98.94261760000037;98.91911680000038;98.93478400000038;98.94261760000037;98.94261760000037;98.92695040000038;100.0;98.94261760000037;98.94261760000037;98.93478400000038;98.93478400000038;98.93478400000038;98.94261760000037;98.94261760000037;100.0;100.0;
4.006358666666668;98.69317120000046;98.66967040000047;98.67750400000047;98.67750400000047;98.69317120000046;98.66967040000047;98.67750400000047;98.68533760000047;98.66967040000047;98.67750400000047;98.69317120000046;98.68533760000047;98.66967040000047;100.0;98.69317120000046;98.69317120000046;98.68533760000047;98.68533760000047;98.68533760000047;98.67750400000047;98.68533760000047;100.0;100.0;
5.002358666666663;98.39196160000057;98.36846080000058;98.38412800000057;98.38412800000057;98.38412800000057;98.37629440000057;98.37629440000057;98.39196160000057;98.35279360000058;98.37629440000057;98.39979520000057;98.37629440000057;98.37629440000057;100.0;98.38412800000057;98.38412800000057;98.37629440000057;98.38412800000057;98.38412800000057;98.38412800000057;98.39196160000057;100.0;100.0;
6.072358666666666;98.07610880000068;98.06044160000069;98.06827520000068;98.06827520000068;98.06827520000068;98.05260800000069;98.06827520000068;98.07610880000068;98.03694080000069;98.05260800000069;98.09177600000068;98.06044160000069;98.05260800000069;100.0;98.06827520000068;98.07610880000068;98.06044160000069;98.07610880000068;98.06827520000068;98.06827520000068;98.05260800000069;100.0;100.0;
7.022358666666663;97.82615040000077;97.81831680000077;97.82615040000077;97.82615040000077;97.82615040000077;97.81048320000077;97.81831680000077;97.82615040000077;97.79481600000078;97.80264960000078;97.83398400000077;97.81048320000077;97.81048320000077;100.0;97.81831680000077;97.81831680000077;97.81831680000077;97.83398400000077;97.81831680000077;97.81831680000077;97.81048320000077;100.0;100.0;
8.05835866666666;97.55473920000087;97.53907200000087;97.55473920000087;97.54690560000087;97.54690560000087;97.53123840000087;97.54690560000087;97.55473920000087;97.50773760000088;97.53123840000087;97.54690560000087;97.53907200000087;97.52340480000088;100.0;97.54690560000087;97.54690560000087;97.53907200000087;97.55473920000087;97.53123840000087;97.53907200000087;97.53123840000087;100.0;100.0;
9.018550666666664;97.26868480000097;97.24518400000098;97.26085120000097;97.26085120000097;97.25301760000097;97.23735040000098;97.25301760000097;97.25301760000097;97.21384960000098;97.22951680000098;97.25301760000097;97.24518400000098;97.23735040000098;100.0;97.26085120000097;97.25301760000097;97.24518400000098;97.26085120000097;97.23735040000098;97.24518400000098;97.23735040000098;100.0;100.0;
10.005358666666663;96.99624960000106;96.98841600000107;96.98841600000107;96.99624960000106;96.98058240000107;96.97274880000107;96.99624960000106;96.98058240000107;96.95708160000108;96.97274880000107;96.99624960000106;96.98841600000107;96.98058240000107;100.0;97.00408320000106;96.99624960000106;96.97274880000107;97.00408320000106;96.98058240000107;96.98841600000107;96.96491520000107;100.0;100.0;
11.047358666666652;96.70287360000117;96.67937280000118;96.68720640000117;96.68720640000117;96.68720640000117;96.64855040000118;96.69504000000117;96.68720640000117;96.62556160000119;96.67153920000118;96.68720640000117;96.69504000000117;96.68720640000117;100.0;96.70287360000117;96.69504000000117;96.64855040000118;96.71070720000117;96.67153920000118;96.68720640000117;96.67153920000118;100.0;100.0;
12.01335866666666;96.40847360000127;96.40064000000127;96.40064000000127;96.40847360000127;96.40064000000127;96.35466240000129;96.40847360000127;96.40064000000127;96.3316736000013;96.35466240000129;96.37765120000128;96.40847360000127;96.37765120000128;100.0;96.42414080000127;96.40847360000127;96.35466240000129;96.42414080000127;96.37765120000128;96.40847360000127;96.3086848000013;100.0;100.0;
13.00671733333333;96.16634880000136;96.14336000000137;96.14336000000137;96.14336000000137;96.14336000000137;96.07439360000139;96.16634880000136;96.12037120000137;96.0284160000014;96.07439360000139;96.09738240000138;96.14336000000137;96.12037120000137;100.0;96.18201600000135;96.16634880000136;96.0514048000014;96.16634880000136;96.09006080000138;96.16634880000136;96.0514048000014;100.0;100.0;
14.00188399999999;95.81286400000148;95.78987520000149;95.78987520000149;95.78987520000149;95.7668864000015;95.69792000000152;95.81286400000148;95.7438976000015;95.69792000000152;95.69059840000152;95.7668864000015;95.81286400000148;95.78987520000149;100.0;95.81286400000148;95.81286400000148;95.69792000000152;95.81286400000148;95.7438976000015;95.81286400000148;95.69792000000152;100.0;100.0;
15.003358666666657;95.50433280000159;95.4583552000016;95.4813440000016;95.4583552000016;95.43536640000161;95.36640000000163;95.50433280000159;95.41237760000162;95.32042240000165;95.36640000000163;95.41237760000162;95.4813440000016;95.4583552000016;100.0;95.50433280000159;95.4813440000016;95.35907840000164;95.4813440000016;95.41237760000162;95.50433280000159;95.34341120000164;100.0;100.0;
16.001050666666664;95.2104448000017;95.16446720000171;95.16446720000171;95.13415680000172;95.11848960000172;95.02653440000175;95.1874560000017;95.11848960000172;95.02653440000175;95.02653440000175;95.09550080000173;95.16446720000171;95.14147840000172;100.0;95.2104448000017;95.1874560000017;95.04952320000174;95.16446720000171;95.09550080000173;95.16446720000171;95.02653440000175;100.0;100.0;
17.000358666666667;94.8925440000018;94.86955520000181;94.84656640000182;94.86955520000181;94.84656640000182;94.73162240000185;94.9155328000018;94.82357760000183;94.73162240000185;94.73162240000185;94.80058880000183;94.8925440000018;94.84656640000182;100.0;94.93852160000179;94.9155328000018;94.77760000000184;94.86955520000181;94.79326720000184;94.86955520000181;94.75461120000185;100.0;100.0;
18.006358666666653;94.59865600000191;94.57566720000192;94.52968960000193;94.57566720000192;94.52968960000193;94.43773440000196;94.59865600000191;94.50670080000194;94.41474560000196;94.41474560000196;94.48371200000194;94.56834560000192;94.52968960000193;100.0;94.6216448000019;94.57566720000192;94.46072320000195;94.57566720000192;94.46072320000195;94.55267840000192;94.43773440000196;100.0;100.0;
19.010717333333307;94.31208960000201;94.28910080000202;94.24312320000203;94.26611200000202;94.24312320000203;94.12817920000207;94.28910080000202;94.19714560000205;94.08220160000208;94.12817920000207;94.15116800000206;94.28910080000202;94.24312320000203;100.0;94.31208960000201;94.28910080000202;94.15116800000206;94.24312320000203;94.12085760000207;94.24312320000203;94.12817920000207;100.0;100.0;
20.097883999999972;93.98686720000212;94.00985600000212;93.94088960000214;93.98686720000212;93.96387840000213;93.82594560000217;93.98686720000212;93.91790080000214;93.80295680000218;93.82594560000217;93.82594560000217;94.00985600000212;93.96387840000213;100.0;94.00985600000212;93.98686720000212;93.87192320000216;93.91790080000214;93.82594560000217;93.96387840000213;93.82594560000217;100.0;100.0;
21.019358666666655;93.71494400000222;93.73793280000221;93.66896640000223;93.71494400000222;93.69195520000223;93.53103360000227;93.69195520000223;93.62298880000225;93.50804480000228;93.50804480000228;93.53103360000227;93.69195520000223;93.69195520000223;100.0;93.71494400000222;93.71494400000222;93.57701120000226;93.62298880000225;93.53103360000227;93.66896640000223;93.55402240000227;100.0;100.0;
22.01035866666666;93.42003200000232;93.44302080000232;93.39704320000233;93.39704320000233;93.42003200000232;93.22880000000238;93.39704320000233;93.32807680000235;93.23612160000238;93.21313280000238;93.23612160000238;93.39704320000233;93.37405440000234;100.0;93.42003200000232;93.42003200000232;93.28209920000236;93.32075520000235;93.25911040000237;93.39704320000233;93.28209920000236;100.0;100.0;
23.002358666666677;93.12512000000243;93.17109760000241;93.12512000000243;93.10213120000243;93.07914240000244;92.96419840000247;93.10213120000243;93.05615360000245;92.96419840000247;92.94120960000248;92.94120960000248;93.12512000000243;93.07914240000244;100.0;93.12512000000243;93.14810880000242;92.97986560000247;93.05615360000245;92.96419840000247;93.10213120000243;92.98718720000247;100.0;100.0;
24.01088400000002;92.78627840000254;92.78627840000254;92.78627840000254;92.74030080000256;92.76328960000255;92.64834560000259;92.74030080000256;92.68700160000257;92.62535680000259;92.62535680000259;92.62535680000259;92.78627840000254;92.71731200000256;100.0;92.80926720000254;92.83225600000253;92.64834560000259;92.71731200000256;92.62535680000259;92.78627840000254;92.62535680000259;100.0;100.0;
25.00388400000002;92.48404480000265;92.50703360000264;92.48404480000265;92.41507840000267;92.46105600000266;92.3231232000027;92.46105600000266;92.41507840000267;92.34611200000269;92.3231232000027;92.3231232000027;92.48404480000265;92.41507840000267;100.0;92.53002240000264;92.55301120000263;92.3231232000027;92.43806720000266;92.34611200000269;92.50703360000264;92.3231232000027;100.0;100.0;
26.02735866666668;92.15252480000277;92.17551360000276;92.17551360000276;92.08355840000279;92.12953600000277;92.0145920000028;92.15252480000277;92.10654720000278;92.0375808000028;92.0145920000028;91.99160320000281;92.12953600000277;92.0605696000028;100.0;92.15252480000277;92.19850240000275;91.96861440000282;92.12953600000277;92.0145920000028;92.17551360000276;91.99160320000281;100.0;100.0;
27.00235866666668;91.85029120000287;91.87328000000286;91.89626880000286;91.80431360000289;91.81998080000288;91.7353472000029;91.81998080000288;91.7353472000029;91.72802560000291;91.7353472000029;91.71235840000291;91.82730240000288;91.7583360000029;100.0;91.87328000000286;91.91925760000285;91.68936960000292;91.82730240000288;91.71235840000291;91.85029120000287;91.66638080000293;100.0;100.0;
28.007550666666692;91.54176000000298;91.54176000000298;91.56474880000297;91.472793600003;91.51877120000299;91.38083840000303;91.465472000003;91.42681600000302;91.42681600000302;91.40382720000302;91.38083840000303;91.488460800003;91.42681600000302;100.0;91.54176000000298;91.58773760000297;91.35784960000304;91.495782400003;91.35784960000304;91.54176000000298;91.33486080000304;100.0;100.0;
29.011358666666688;91.26149120000308;91.26149120000308;91.30746880000306;91.1925248000031;91.23850240000309;91.12355840000312;91.21551360000309;91.14654720000311;91.1695360000031;91.14654720000311;91.12355840000312;91.23850240000309;91.1695360000031;100.0;91.28448000000307;91.28448000000307;91.10056960000313;91.23850240000309;91.07758080000313;91.23850240000309;91.07758080000313;100.0;100.0;
30.02935866666668;90.9080064000032;90.9080064000032;90.9309952000032;90.83904000000322;90.9080064000032;90.72409600000326;90.86202880000322;90.81605120000323;90.81605120000323;90.79306240000324;90.77007360000324;90.9080064000032;90.81605120000323;100.0;90.9309952000032;90.9309952000032;90.70110720000326;90.88501760000321;90.72409600000326;90.9080064000032;90.70110720000326;100.0;100.0;
31.070358666666674;90.58380800000332;90.60679680000331;90.60679680000331;90.51484160000334;90.58380800000332;90.42288640000336;90.53783040000333;90.46886400000335;90.49185280000334;90.46886400000335;90.44587520000336;90.58380800000332;90.51484160000334;100.0;90.6297856000033;90.60679680000331;90.35392000000338;90.56081920000332;90.42288640000336;90.58380800000332;90.35392000000338;100.0;100.0;
32.00535866666669;90.28259840000342;90.28259840000342;90.30558720000342;90.19064320000345;90.28259840000342;90.09868800000348;90.21363200000344;90.14466560000346;90.16765440000346;90.14466560000346;90.12167680000347;90.25960960000343;90.19064320000345;100.0;90.30558720000342;90.30558720000342;90.05271040000349;90.23662080000344;90.07569920000348;90.21363200000344;90.0297216000035;100.0;100.0;
33.004884000000025;89.98036480000353;89.98036480000353;90.00335360000352;89.88840960000356;89.98036480000353;89.78913280000359;89.93438720000354;89.86542080000356;89.84243200000357;89.86542080000356;89.79645440000358;89.93438720000354;89.88840960000356;100.0;90.02634240000351;89.98036480000353;89.7431552000036;89.95737600000353;89.77346560000359;89.93438720000354;89.7504768000036;100.0;100.0;
34.01135866666669;89.67915520000363;89.65616640000364;89.67915520000363;89.58720000000366;89.65616640000364;89.4722560000037;89.61018880000366;89.54122240000368;89.54122240000368;89.54122240000368;89.49524480000369;89.63317760000365;89.56421120000367;100.0;89.70214400000363;89.67915520000363;89.42627840000371;89.61018880000366;89.4492672000037;89.61018880000366;89.40328960000372;100.0;100.0;
35.001884;89.34031360000375;89.31732480000376;89.34031360000375;89.24835840000378;89.34031360000375;89.15640320000381;89.24835840000378;89.1793920000038;89.1793920000038;89.2023808000038;89.13341440000382;89.29433600000377;89.22536960000379;100.0;89.35598080000375;89.34031360000375;89.08743680000383;89.29433600000377;89.11042560000382;89.27134720000377;89.06444800000384;100.0;100.0;
36.006717333333334;89.01713920000387;88.99415040000387;89.01713920000387;88.9251840000039;88.99415040000387;88.83322880000392;88.85621760000392;88.83322880000392;88.78725120000394;88.83322880000392;88.81024000000393;88.9251840000039;88.87920640000391;100.0;89.04012800000386;89.01713920000387;88.74127360000395;88.9251840000039;88.78725120000394;88.9021952000039;88.69529600000396;100.0;100.0;
37.04635866666666;88.71490560000397;88.69191680000398;88.69191680000398;88.622950400004;88.71490560000397;88.53099520000403;88.55398400000402;88.55398400000402;88.48501760000404;88.55398400000402;88.50800640000404;88.645939200004;88.55398400000402;100.0;88.76088320000396;88.71490560000397;88.43904000000406;88.645939200004;88.48501760000404;88.59996160000401;88.41605120000406;100.0;100.0;
38.016884;88.3603968000041;88.38338560000409;88.3603968000041;88.29143040000412;88.40637440000408;88.19947520000414;88.24545280000413;88.22246400000414;88.13050880000416;88.19947520000414;88.17648640000415;88.31441920000411;88.24545280000413;100.0;88.42936320000408;88.40637440000408;88.06154240000419;88.29143040000412;88.17648640000415;88.26844160000412;88.10752000000417;100.0;100.0;
39.00035866666664;88.0644608000042;88.11043840000418;88.08744960000419;88.01848320000421;88.11043840000418;87.92652800000424;87.97250560000423;87.97250560000423;87.85756160000426;87.94951680000423;87.90353920000425;88.0644608000042;87.99549440000422;100.0;88.17940480000416;88.15641600000417;87.81158400000427;88.0414720000042;87.92652800000424;88.01848320000421;87.85756160000426;100.0;100.0;
40.04035866666662;87.72561920000432;87.74860800000431;87.74860800000431;87.70263040000432;87.74860800000431;87.61067520000435;87.63366400000434;87.63366400000434;87.51872000000438;87.61067520000435;87.56469760000437;87.74860800000431;87.67964160000433;100.0;87.81757440000429;87.81757440000429;87.47274240000439;87.67964160000433;87.61067520000435;87.70263040000432;87.47274240000439;100.0;100.0;
41.00635866666659;87.43070720000442;87.45369600000441;87.4766848000044;87.40771840000443;87.4766848000044;87.31576320000445;87.36174080000444;87.28545280000446;87.22380800000448;87.33875200000445;87.24679680000447;87.4766848000044;87.38472960000443;100.0;87.52266240000439;87.54565120000439;87.1778304000045;87.35441920000444;87.31576320000445;87.43070720000442;87.20081920000449;100.0;100.0;
42.01488399999992;87.05423360000455;87.10021120000454;87.12320000000453;87.05423360000455;87.12320000000453;86.98526720000457;86.98526720000457;86.96227840000458;86.8933120000046;86.98526720000457;86.8933120000046;87.10021120000454;87.03124480000456;100.0;87.14618880000452;87.19216640000451;86.82434560000462;86.98526720000457;86.98526720000457;87.07722240000454;86.8703232000046;100.0;100.0;
43.01335866666656;86.73735680000466;86.80632320000464;86.76034560000465;86.73735680000466;86.78333440000465;86.66839040000468;86.66839040000468;86.64540160000469;86.5994240000047;86.64540160000469;86.5994240000047;86.78333440000465;86.73735680000466;100.0;86.85230080000463;86.87528960000462;86.50014720000473;86.66839040000468;86.66839040000468;86.78333440000465;86.55344640000472;100.0;100.0;
44.00135866666656;86.42048000000477;86.51975680000474;86.45079040000476;86.42780160000477;86.47377920000476;86.35883520000479;86.3358464000048;86.35883520000479;86.26688000000482;86.3358464000048;86.28986880000481;86.49676800000475;86.42780160000477;100.0;86.56573440000473;86.56573440000473;86.19059200000484;86.35883520000479;86.35883520000479;86.47377920000476;86.26688000000482;100.0;100.0;
45.007050666666515;86.14855680000487;86.19453440000486;86.17154560000486;86.11824640000488;86.19453440000486;86.07959040000489;86.0336128000049;86.0566016000049;85.98763520000492;86.0336128000049;86.01062400000491;86.17154560000486;86.07959040000489;100.0;86.28648960000483;86.28648960000483;85.91866880000494;86.0566016000049;86.07959040000489;86.17154560000486;85.96464640000492;100.0;100.0;
46.00535866666649;85.85466880000497;85.90064640000496;85.87765760000497;85.83168000000498;85.87765760000497;85.739724800005;85.739724800005;85.762713600005;85.67075840000503;85.69374720000502;85.69374720000502;85.85466880000497;85.762713600005;100.0;85.99260160000493;85.96961280000494;85.60179200000505;85.71673600000501;85.739724800005;85.85466880000497;85.67075840000503;100.0;100.0;
47.0728839999998;85.60471040000506;85.65068800000505;85.60471040000506;85.55873280000507;85.60471040000506;85.4897664000051;85.4667776000051;85.51275520000509;85.39781120000512;85.42080000000512;85.44378880000511;85.60471040000506;85.4897664000051;100.0;85.71965440000503;85.71965440000503;85.32884480000514;85.4667776000051;85.4897664000051;85.60471040000506;85.37482240000513;100.0;100.0;
48.00088399999978;85.32444160000516;85.37041920000514;85.32444160000516;85.30145280000517;85.34743040000515;85.1791872000052;85.1865088000052;85.25547520000518;85.14053120000521;85.1635200000052;85.14053120000521;85.30145280000517;85.2094976000052;100.0;85.43206400000513;85.46237440000512;85.04857600000524;85.2094976000052;85.2094976000052;85.34743040000515;85.11754240000522;100.0;100.0;
49.034358666666435;84.99189760000527;85.06086400000525;85.03787520000526;85.01488640000527;85.03787520000526;84.8999424000053;84.87695360000531;84.96890880000528;84.83097600000532;84.85396480000531;84.83097600000532;84.99189760000527;84.8999424000053;100.0;85.12983040000523;85.15281920000523;84.73902080000535;84.8999424000053;84.9229312000053;85.06086400000525;84.83097600000532;100.0;100.0;
50.00405066666639;84.6447104000054;84.75965440000536;84.71367680000537;84.71367680000537;84.73666560000537;84.55275520000542;84.52976640000543;84.6447104000054;84.50677760000544;84.55275520000542;84.50677760000544;84.66769920000539;84.56842240000542;100.0;84.82862080000534;84.82862080000534;84.39183360000547;84.59873280000541;84.59873280000541;84.73666560000537;84.48378880000544;100.0;100.0;
51.00035866666639;84.38743040000548;84.47938560000546;84.41041920000548;84.43340800000547;84.45639680000546;84.29547520000551;84.27248640000552;84.38743040000548;84.22650880000553;84.27248640000552;84.22650880000553;84.41041920000548;84.3184640000055;100.0;84.57134080000543;84.54835200000544;84.13455360000556;84.3184640000055;84.3414528000055;84.42608640000547;84.22650880000553;100.0;100.0;
52.00221733333308;84.0485888000056;84.14054400000558;84.0715776000056;84.11755520000558;84.14054400000558;83.95663360000563;83.86467840000566;84.02560000000561;83.86467840000566;83.93364480000564;83.86467840000566;84.09456640000559;84.00261120000562;100.0;84.22517760000555;84.23249920000555;83.79571200000568;83.95663360000563;84.00261120000562;84.11755520000558;83.91065600000564;100.0;100.0;
53.017050666666385;83.70242560000572;83.81736960000569;83.72541440000572;83.74840320000571;83.7943808000057;83.61047040000575;83.51851520000578;83.67943680000573;83.51851520000578;83.58748160000576;83.4495488000058;83.7713920000057;83.65644800000574;100.0;83.88633600000567;83.90932480000566;83.4495488000058;83.58016000000576;83.67943680000573;83.7713920000057;83.56449280000577;100.0;100.0;
54.087358666666326;83.37090560000584;83.4858496000058;83.37090560000584;83.43987200000582;83.4858496000058;83.30193920000586;83.1869952000059;83.37090560000584;83.1869952000059;83.25596160000588;83.07205120000593;83.39389440000583;83.32492800000585;100.0;83.57780480000578;83.60079360000577;83.09504000000592;83.27895040000587;83.34791680000585;83.46286080000581;83.23297280000588;100.0;100.0;
55.00188399999965;83.11992320000593;83.25785600000589;83.14291200000592;83.2118784000059;83.25785600000589;83.05095680000595;82.93601280000598;83.14291200000592;82.93601280000598;82.98199040000597;82.84405760000601;83.13559040000592;83.09693440000594;100.0;83.34981120000586;83.34981120000586;82.867046400006;83.02796800000596;83.11992320000593;83.2348672000059;83.00497920000596;100.0;100.0;
56.01155066666629;82.80304640000604;82.940979200006;82.80304640000604;82.917990400006;82.917990400006;82.71109120000607;82.64212480000609;82.80304640000604;82.64212480000609;82.68810240000607;82.55016960000611;82.81871360000603;82.80304640000604;100.0;83.00994560000598;83.03293440000597;82.52718080000612;82.71109120000607;82.82603520000603;82.940979200006;82.71109120000607;100.0;100.0;
57.00135866666627;82.53009920000613;82.6680320000061;82.53009920000613;82.61473280000611;82.6680320000061;82.43814400000616;82.36185600000618;82.52277760000614;82.36917760000618;82.41515520000617;82.3002112000062;82.57607680000612;82.53009920000613;100.0;82.75998720000607;82.78297600000606;82.25423360000622;82.43814400000616;82.57607680000612;82.69102080000609;82.43082240000616;100.0;100.0;
58.01388399999955;82.17661440000626;82.29155840000622;82.15362560000627;82.29155840000622;82.30722560000622;82.10764800000628;82.0156928000063;82.19960320000625;82.0156928000063;82.08465920000629;81.92373760000633;82.24558080000624;82.19960320000625;100.0;82.3605248000062;82.40650240000619;81.90074880000634;82.08465920000629;82.22259200000624;82.33753600000621;82.10764800000628;100.0;100.0;
59.016050666666196;81.91201280000635;82.02695680000632;81.88902400000636;82.00396800000632;82.04994560000631;81.81273600000638;81.7510912000064;81.88902400000636;81.7281024000064;81.82005760000638;81.65913600000643;81.95799040000634;81.91201280000635;100.0;82.0729344000063;82.14190080000628;81.63614720000643;81.7437696000064;81.93500160000634;82.02695680000632;81.84304640000637;100.0;100.0;
60.00535866666619;81.54183680000648;81.67976960000644;81.58781440000647;81.70275840000643;81.72574720000642;81.51884800000649;81.4498816000065;81.58781440000647;81.38091520000653;81.51884800000649;81.33493760000654;81.65678080000644;81.56482560000647;100.0;81.74873600000642;81.84069120000639;81.31194880000655;81.4498816000065;81.58781440000647;81.70275840000643;81.54183680000648;100.0;100.0;
61.00335866666617;81.26259200000658;81.40052480000654;81.30856960000656;81.42351360000653;81.42351360000653;81.23960320000658;81.14764800000661;81.28558080000657;81.07868160000663;81.21661440000659;81.00971520000665;81.35454720000655;81.25527040000658;100.0;81.44650240000652;81.5311360000065;80.98672640000666;81.14764800000661;81.28558080000657;81.40052480000654;81.23960320000658;100.0;100.0;
62.000550666666165;80.96870400000668;81.06065920000665;80.96870400000668;81.10663680000664;81.08364800000665;80.9227264000067;80.85376000000672;80.94571520000669;80.76180480000674;80.9227264000067;80.71582720000676;81.01468160000667;80.96870400000668;100.0;81.12962560000663;81.2372480000066;80.69283840000676;80.83077120000672;80.96870400000668;81.10663680000664;80.94571520000669;100.0;100.0;
63.00335866666615;80.68945920000678;80.78141440000675;80.66647040000679;80.80440320000675;80.80440320000675;80.59750400000681;80.55152640000682;80.6434816000068;80.43658240000686;80.6434816000068;80.39060480000687;80.71244800000677;80.68945920000678;100.0;80.82739200000674;80.9423360000067;80.41359360000686;80.52853760000683;80.68945920000678;80.82739200000674;80.6361600000068;100.0;100.0;
64.00135866666612;80.39557120000688;80.48752640000686;80.37258240000689;80.51051520000685;80.44154880000687;80.28062720000692;80.25763840000693;80.3495936000069;80.14269440000696;80.30361600000691;80.07372800000698;80.37258240000689;80.3495936000069;100.0;80.53350400000684;80.62545920000682;80.09671680000697;80.21166080000694;80.37258240000689;80.53350400000684;80.3266048000069;100.0;100.0;
65.00005066666604;80.08601600000699;80.17797120000697;80.08601600000699;80.22394880000695;80.10900480000699;79.99406080000702;79.94808320000703;80.040038400007;79.83313920000707;80.01704960000701;79.69520640000711;80.055705600007;80.040038400007;100.0;80.20096000000696;80.33889280000692;79.78716160000708;79.92509440000704;80.063027200007;80.24693760000694;80.040038400007;100.0;100.0;
66.0313586666659;79.73150720000712;79.86944000000707;79.75449600000711;79.89242880000707;79.7774848000071;79.68552960000713;79.61656320000715;79.73150720000712;79.52460800000718;79.66254080000714;79.38667520000722;79.73150720000712;79.70851840000712;100.0;79.89242880000707;80.00737280000703;79.4556416000072;79.59357440000716;79.73150720000712;79.91541760000706;79.66254080000714;100.0;100.0;
67.00035866666578;79.44391680000722;79.60483840000717;79.46690560000721;79.60483840000717;79.5128832000072;79.39793920000723;79.32897280000725;79.43659520000722;79.23701760000728;79.39793920000723;79.07609600000733;79.46690560000721;79.42092800000722;100.0;79.60483840000717;79.69679360000714;79.19104000000729;79.32897280000725;79.44391680000722;79.65081600000715;79.39793920000723;100.0;100.0;
68.0053586666657;79.14270720000732;79.25765120000729;79.16569600000732;79.28064000000728;79.18868480000731;79.09672960000734;79.02776320000736;79.11971840000733;78.93580800000738;79.07374080000734;78.77488640000743;79.14270720000732;79.11971840000733;100.0;79.28064000000728;79.37259520000725;78.8668416000074;79.00477440000736;79.11971840000733;79.27331840000728;79.02776320000736;100.0;100.0;
69.0233586666656;78.86346240000742;78.97840640000739;78.86346240000742;78.97840640000739;78.90944000000741;78.79449600000744;78.72552960000746;78.81748480000743;78.6105856000075;78.79449600000744;78.49564160000753;78.84047360000743;78.81748480000743;100.0;78.9554176000074;79.07036160000736;78.56460800000751;78.72552960000746;78.84047360000743;79.00139520000738;78.72552960000746;100.0;100.0;
70.00071733333222;78.56855040000752;78.68349440000749;78.56855040000752;78.70648320000748;78.61452800000751;78.52257280000754;78.43061760000757;78.52257280000754;78.33866240000759;78.49958400000754;78.17774080000764;78.56855040000752;78.49958400000754;100.0;78.6531840000075;78.79843840000746;78.26969600000761;78.43061760000757;78.56855040000752;78.72947200000748;78.43061760000757;100.0;100.0;
71.00335866666542;78.22238720000765;78.33733120000761;78.24537600000764;78.3603200000076;78.24537600000764;78.14609920000767;78.10744320000768;78.15342080000767;78.01548800000771;78.17640960000766;77.83157760000776;78.22238720000765;78.13043200000767;100.0;78.31434240000762;78.42928640000758;77.92353280000773;78.0614656000077;78.22238720000765;78.3833088000076;78.07713280000769;100.0;100.0;
72.01405066666534;77.91283200000775;78.05076480000771;77.91283200000775;78.05076480000771;77.95880960000774;77.86685440000777;77.7748992000078;77.81355520000778;77.70593280000782;77.86685440000777;77.54501120000786;77.91283200000775;77.84386560000777;100.0;77.98179840000773;78.14272000000769;77.61397760000784;77.7445888000078;77.91283200000775;78.0967424000077;77.79788800000779;100.0;100.0;
73.06535866666523;77.60430080000786;77.71924480000783;77.60430080000786;77.69625600000784;77.62728960000786;77.51234560000789;77.44337920000791;77.51234560000789;77.39740160000792;77.51234560000789;77.21349120000798;77.58131200000787;77.51234560000789;100.0;77.65027840000785;77.8112000000078;77.28245760000796;77.42039040000792;77.60430080000786;77.78821120000781;77.4663680000079;100.0;100.0;
74.00155066666511;77.31041280000797;77.42535680000793;77.28742400000797;77.40236800000794;77.31041280000797;77.17248000000801;77.12650240000802;77.17248000000801;77.05021440000804;77.195468800008;76.91960320000808;77.28742400000797;77.195468800008;100.0;77.33340160000796;77.5173120000079;76.94259200000808;77.12650240000802;77.28742400000797;77.44834560000793;77.14949120000801;100.0;100.0;
75.00435866666497;77.05313280000806;77.13776640000803;77.03014400000806;77.12209920000804;77.03014400000806;76.8922112000081;76.86922240000811;76.9152000000081;76.80025600000813;76.93818880000809;76.63933440000818;77.03014400000806;76.93818880000809;100.0;77.07612160000805;77.19106560000802;76.68531200000817;76.84623360000812;76.98416640000808;77.16807680000802;76.86190080000812;100.0;100.0;
76.00005066666482;76.75822080000816;76.85017600000813;76.73523200000817;76.82718720000814;76.75822080000816;76.57431040000822;76.59729920000821;76.6432768000082;76.52833280000823;76.66626560000819;76.36741120000828;76.68925440000818;76.6129664000082;100.0;76.78120960000815;76.91914240000811;76.41338880000826;76.57431040000822;76.71224320000817;76.89615360000812;76.57431040000822;100.0;100.0;
77.00035866666477;76.44236800000827;76.51133440000825;76.41937920000828;76.51133440000825;76.41937920000828;76.25845760000833;76.23546880000833;76.30443520000831;76.16650240000835;76.30443520000831;75.9982592000084;76.3504128000083;76.30443520000831;100.0;76.46535680000827;76.58030080000823;76.07454720000838;76.23546880000833;76.3504128000083;76.53432320000825;76.23546880000833;100.0;100.0;
78.00255066666472;76.10250240000839;76.21744640000836;76.10250240000839;76.18713600000837;76.10250240000839;75.94158080000844;75.94158080000844;76.01054720000842;75.84962560000847;75.98755840000842;75.68870400000851;76.03353600000841;75.98755840000842;100.0;76.14115840000838;76.28641280000834;75.7346816000085;75.94158080000844;76.03353600000841;76.19445760000836;75.91859200000845;100.0;100.0;
79.00535866666463;75.82325760000849;75.91521280000846;75.82325760000849;75.91521280000846;75.82325760000849;75.66233600000854;75.61635840000855;75.73130240000852;75.57038080000856;75.68532480000853;75.38647040000862;75.73130240000852;75.70831360000852;100.0;75.86923520000848;75.91521280000846;75.4554368000086;75.61635840000855;75.75429120000851;75.89222400000847;75.63934720000854;100.0;100.0;
80.00471733333137;75.53669120000859;75.60565760000857;75.5137024000086;75.62864640000856;75.4833920000086;75.35278080000865;75.30680320000866;75.42174720000862;75.26082560000867;75.35278080000865;75.09990400000872;75.42174720000862;75.39875840000863;100.0;75.55968000000858;75.62864640000856;75.12289280000871;75.32979200000865;75.44473600000862;75.58266880000858;75.35278080000865;100.0;100.0;
81.00735866666459;75.18218240000871;75.27413760000869;75.18218240000871;75.29712640000868;75.18218240000871;75.02126080000876;74.97528320000877;75.09022720000874;74.92930560000879;75.04424960000875;74.74539520000884;75.11321600000873;75.06723840000875;100.0;75.2281600000087;75.29712640000868;74.79137280000883;74.99827200000877;75.13620480000873;75.25114880000869;75.02126080000876;100.0;100.0;
82.06871733333114;74.90293760000881;74.9489152000088;74.87994880000882;74.99489280000878;74.87994880000882;74.71902720000887;74.69603840000887;74.78799360000885;74.65006080000889;74.74201600000886;74.44316160000895;74.78799360000885;74.76500480000885;100.0;74.9489152000088;75.01788160000878;74.48913920000894;74.71902720000887;74.81098240000884;74.97190400000879;74.74201600000886;100.0;100.0;
83.01035866666436;74.59338240000892;74.61637120000891;74.57039360000893;74.70832640000889;74.57039360000893;74.38648320000898;74.38648320000898;74.50142720000895;74.340505600009;74.45544960000896;74.13360640000906;74.47843840000895;74.47843840000895;100.0;74.6623488000089;74.73131520000888;74.17958400000904;74.38648320000898;74.52441600000894;74.6623488000089;74.43246080000897;100.0;100.0;
84.01405066666432;74.26918400000903;74.29217280000903;74.24619520000904;74.384128000009;74.24619520000904;74.0622848000091;74.08527360000909;74.20021760000905;74.0392960000091;74.10826240000908;73.80940800000917;74.15424000000907;74.15424000000907;100.0;74.33815040000901;74.40711680000899;73.87837440000915;74.0622848000091;74.14691840000907;74.361139200009;74.08527360000909;100.0;100.0;
85.00235866666426;74.01820160000912;74.06417920000911;74.01820160000912;74.15613440000908;74.01820160000912;73.83429120000918;73.85728000000917;73.97222400000913;73.81130240000918;73.85728000000917;73.58141440000925;73.92624640000915;73.90325760000916;100.0;74.1101568000091;74.15613440000908;73.65038080000923;73.81130240000918;73.88026880000916;74.13314560000909;73.82696960000918;100.0;100.0;
86.00088399999755;73.66369280000924;73.73265920000922;73.68668160000924;73.8016256000092;73.63338240000925;73.52576000000929;73.52576000000929;73.66369280000924;73.4567936000093;73.54874880000928;73.24989440000937;73.61771520000926;73.57173760000927;100.0;73.77131520000921;73.8246144000092;73.34184960000934;73.4567936000093;73.57173760000927;73.8016256000092;73.50277120000929;100.0;100.0;
87.00005066666414;73.28824320000938;73.33422080000936;73.33422080000936;73.42617600000933;73.23494400000939;73.12732160000942;73.15031040000942;73.26525440000938;73.05103360000945;73.1962880000094;72.8671232000095;73.24226560000939;73.1962880000094;100.0;73.40318720000934;73.41885440000934;72.96640000000947;73.10433280000943;73.12732160000942;73.40318720000934;73.12732160000942;100.0;100.0;
88.01635866666408;72.98600960000948;73.05497600000946;73.00899840000947;73.12394240000944;72.9400320000095;72.81776640000953;72.84807680000952;72.98600960000948;72.77911040000954;72.89405440000951;72.5952000000096;72.96302080000949;72.89405440000951;100.0;73.12394240000944;73.12394240000944;72.68715520000957;72.80209920000954;72.84807680000952;73.10095360000945;72.84807680000952;100.0;100.0;
89.011050666664;72.70574080000958;72.75171840000957;72.75171840000957;72.86666240000953;72.68275200000959;72.53749760000963;72.56780800000962;72.70574080000958;72.52183040000963;72.6137856000096;72.3149312000097;72.68275200000959;72.6367744000096;100.0;72.84367360000954;72.86666240000953;72.40688640000967;72.54481920000963;72.56780800000962;72.84367360000954;72.59079680000961;100.0;100.0;
90.01735866666388;72.39618560000969;72.46515200000967;72.44216320000967;72.55710720000964;72.39618560000969;72.23526400000974;72.28124160000972;72.3731968000097;72.23526400000974;72.32721920000971;72.0053760000098;72.3731968000097;72.28124160000972;100.0;72.53411840000965;72.55710720000964;72.12032000000977;72.25825280000973;72.28124160000972;72.51112960000965;72.30423040000971;100.0;100.0;
91.00555066666378;72.09395200000979;72.16291840000977;72.13992960000978;72.23188480000975;72.09395200000979;71.95601920000983;72.00199680000982;72.0709632000098;71.93303040000984;72.02498560000981;71.7261312000099;72.09395200000979;72.00199680000982;100.0;72.18590720000977;72.27786240000974;71.81808640000988;71.95601920000983;72.00199680000982;72.23188480000975;72.00199680000982;100.0;100.0;
92.07135866666371;71.74881280000992;71.77180160000991;71.74881280000992;71.86375680000988;71.70283520000993;71.58789120000996;71.65685760000994;71.70283520000993;71.51892480000998;71.67984640000994;71.38099200001002;71.70283520000993;71.63386880000995;100.0;71.7947904000099;71.90973440000987;71.44995840001;71.58789120000996;71.63386880000995;71.84076800000989;71.63386880000995;100.0;100.0;
93.00535866666357;71.46956800001001;71.46956800001001;71.46956800001001;71.56152320000999;71.40060160001003;71.28565760001007;71.35462400001005;71.42359040001003;71.23968000001008;71.40060160001003;71.07875840001013;71.40060160001003;71.33163520001006;100.0;71.49255680001001;71.63048960000997;71.12473600001012;71.28565760001007;71.35462400001005;71.53853440001;71.30864640001006;100.0;100.0;
94.02835866666342;71.15269120001012;71.17568000001012;71.12970240001013;71.2446464000101;71.10671360001014;70.94579200001019;71.03774720001016;71.08372480001015;70.94579200001019;71.08372480001015;70.73889280001025;71.08372480001015;71.01475840001017;100.0;71.15269120001012;71.33660160001007;70.83084800001022;70.99176960001017;71.03774720001016;71.2446464000101;71.01475840001017;100.0;100.0;
95.01971733333004;70.82117120001024;70.86714880001023;70.77519360001025;70.9361152000102;70.77519360001025;70.6142720000103;70.70622720001028;70.72921600001027;70.6142720000103;70.75220480001026;70.38438400001037;70.75220480001026;70.66024960001029;100.0;70.84416000001023;71.00508160001019;70.52231680001033;70.66024960001029;70.70622720001028;70.91312640001021;70.70622720001028;100.0;100.0;
96.01171733332997;70.53358080001034;70.57955840001033;70.48760320001035;70.6485248000103;70.46461440001036;70.3496704000104;70.44162560001037;70.44162560001037;70.3266816000104;70.48760320001035;70.11978240001046;70.48760320001035;70.37265920001039;100.0;70.55656960001033;70.74048000001028;70.23472640001043;70.3496704000104;70.44162560001037;70.6485248000103;70.41131520001038;100.0;100.0;
97.00688399999656;70.22402560001045;70.29299200001043;70.17804800001046;70.33896960001042;70.17804800001046;70.0401152000105;70.13207040001048;70.15505920001047;70.00980480001051;70.17804800001046;69.81022720001057;70.17804800001046;70.0631040000105;100.0;70.24701440001044;70.45391360001038;69.90218240001055;70.0631040000105;70.13207040001048;70.33896960001042;70.10908160001048;100.0;100.0;
98.01335866666321;69.93745920001055;69.98343680001054;69.89148160001056;70.02941440001052;69.86849280001057;69.73056000001061;69.82251520001059;69.84550400001058;69.73056000001061;69.86849280001057;69.50067200001068;69.89148160001056;69.7765376000106;100.0;69.93745920001055;70.14435840001049;69.61561600001065;69.73056000001061;69.82251520001059;70.02941440001052;69.79952640001059;100.0;100.0;
99.00235866666308;69.62790400001066;69.69687040001064;69.60491520001067;69.74284800001062;69.55893760001068;69.39069440001073;69.53594880001069;69.55893760001068;69.44399360001071;69.53594880001069;69.19111680001079;69.58192640001067;69.4669824000107;100.0;69.60491520001067;69.8348032000106;69.32904960001075;69.42100480001072;69.5129600000107;69.69687040001064;69.4899712000107;100.0;100.0;
100.01121733332965;69.2294656000108;69.32142080001077;69.2064768000108;69.36739840001076;69.18348800001081;69.04555520001085;69.16049920001082;69.2064768000108;69.04555520001085;69.18348800001081;68.79267840001093;69.18348800001081;69.09153280001084;100.0;69.2294656000108;69.45203200001073;68.95360000001088;68.99957760001087;69.13751040001083;69.27544320001078;69.13751040001083;100.0;100.0;
101.04135866666297;68.9209344000109;68.98990080001089;68.87495680001092;69.05886720001087;68.87495680001092;68.69104640001098;68.82897920001093;68.85196800001093;68.71403520001097;68.85196800001093;68.46115840001104;68.85196800001093;68.71403520001097;100.0;68.9209344000109;69.12783360001085;68.622080000011;68.66805760001098;68.82897920001093;68.9669120000109;68.80599040001094;100.0;100.0;
102.00621733332956;68.56012800001103;68.60610560001102;68.49116160001105;68.69806080001099;68.49116160001105;68.29992960001111;68.44518400001107;68.51415040001105;68.3532288000111;68.46817280001106;68.10035200001117;68.49116160001105;68.30725120001111;100.0;68.58311680001103;68.79001600001097;68.28426240001112;68.3302400000111;68.44518400001107;68.60610560001102;68.44518400001107;100.0;100.0;
103.00471733332952;68.31016960001112;68.33315840001111;68.21821440001115;68.42511360001109;68.24120320001114;68.0572928000112;68.19522560001116;68.26419200001114;68.10327040001118;68.21821440001115;67.82740480001127;68.21821440001115;68.0572928000112;100.0;68.31016960001112;68.49408000001107;68.01131520001121;68.08028160001119;68.19522560001116;68.33315840001111;68.19522560001116;100.0;100.0;
104.07435866666282;67.99959040001123;68.04556800001122;67.95361280001124;68.16051200001118;67.95361280001124;67.7697024000113;67.90763520001126;67.97660160001124;67.83866880001128;67.93062400001125;67.53981440001137;67.95361280001124;67.7467136000113;100.0;68.02257920001122;68.22947840001116;67.7467136000113;67.79269120001129;67.93062400001125;68.06855680001121;67.93062400001125;100.0;100.0;
105.00621733332946;67.64508160001135;67.70672640001133;67.64508160001135;67.8060032000113;67.59910400001137;67.41519360001142;67.57611520001137;67.62209280001136;67.5071488000114;67.59910400001137;67.23128320001148;67.64508160001135;67.41519360001142;100.0;67.69105920001134;67.89795840001128;67.43818240001141;67.4611712000114;67.57611520001137;67.76002560001132;67.62209280001136;100.0;100.0;
106.00871733332937;67.33552640001146;67.41181440001144;67.34284800001146;67.5267584000114;67.29687040001147;67.13594880001152;67.29687040001147;67.34284800001146;67.1819264000115;67.31985920001146;66.95203840001157;67.34284800001146;67.11296000001153;100.0;67.41181440001144;67.61871360001138;67.11296000001153;67.15893760001151;67.27388160001148;67.43480320001143;67.31985920001146;100.0;100.0;
107.0007173333293;67.01967360001157;67.06565120001156;66.99668480001158;67.20358400001152;66.97369600001159;66.78978560001164;66.95070720001159;66.98936320001158;66.83576320001163;66.97369600001159;66.55989760001171;67.01967360001157;66.78978560001164;100.0;67.01967360001157;67.2495616000115;66.78978560001164;66.81277440001163;66.9277184000116;67.06565120001156;66.95070720001159;100.0;100.0;
108.00088399999582;66.72578560001168;66.77176320001166;66.6568192000117;66.85639680001164;66.6568192000117;66.47290880001175;66.6568192000117;66.70279680001168;66.54187520001173;66.6568192000117;66.24302080001182;66.67980800001169;66.44992000001176;100.0;66.70279680001168;66.95567360001161;66.47290880001175;66.51888640001174;66.61084160001171;66.74877440001167;66.6338304000117;100.0;100.0;
109.0033586666624;66.44654080001177;66.41623040001178;66.3775744000118;66.58447360001173;66.33159680001181;66.19366400001185;66.3775744000118;66.40056320001179;66.23964160001184;66.3545856000118;65.94078720001193;66.40056320001179;66.11737600001187;100.0;66.42355200001178;66.65344000001171;66.17067520001186;66.21665280001184;66.30860800001182;66.46952960001177;66.33159680001181;100.0;100.0;
110.00188399999563;66.13698560001188;66.13698560001188;66.0680192000119;66.29790720001184;66.04503040001191;65.86112000001197;66.04503040001191;66.0680192000119;65.95307520001194;66.03770880001191;65.65422080001203;66.11399680001189;65.83813120001197;100.0;66.11399680001189;66.36687360001181;65.86112000001197;65.88410880001196;65.99173120001193;66.15997440001188;65.99173120001193;100.0;100.0;
111.0143586666622;65.82845440001199;65.805465600012;65.73649920001202;65.96638720001195;65.73649920001202;65.52227840001208;65.69052160001203;65.73649920001202;65.62155520001205;65.73649920001202;65.32270080001214;65.782476800012;65.52960000001208;100.0;65.782476800012;66.03535360001193;65.52960000001208;65.55258880001207;65.64454400001205;65.82845440001199;65.69052160001203;100.0;100.0;
112.01035866666209;65.55653120001209;65.5335424000121;65.44158720001212;65.69446400001205;65.44158720001212;65.23468800001218;65.39560960001214;65.46457600001212;65.32664320001216;65.44158720001212;65.00480000001225;65.5105536000121;65.23468800001218;100.0;65.5105536000121;65.74044160001203;65.21169920001219;65.25767680001218;65.37262080001214;65.55653120001209;65.41859840001213;100.0;100.0;
113.00971733332864;65.2166656000122;65.2396544000122;65.14769920001223;65.40057600001215;65.14769920001223;64.9178112000123;65.07873280001225;65.14769920001223;65.00976640001227;65.12471040001223;64.71091200001236;65.17068800001222;64.9178112000123;100.0;65.19367680001221;65.42356480001214;64.8948224000123;64.96378880001228;65.00244480001227;65.26264320001219;65.07873280001225;100.0;100.0;
114.03935866666194;64.92175360001231;64.9447424000123;64.85278720001233;65.10566400001225;64.87577600001232;64.64588800001239;64.80680960001234;64.87577600001232;64.71485440001237;64.82979840001234;64.41600000001246;64.89876480001232;64.64588800001239;100.0;64.89876480001232;65.15164160001224;64.5999104000124;64.66887680001238;64.71485440001237;64.9677312000123;64.78382080001235;100.0;100.0;
115.02421733332855;64.6644736000124;64.6874624000124;64.59550720001242;64.84838400001235;64.61849600001241;64.38860800001248;64.52654080001244;64.57251840001243;64.45757440001246;64.57251840001243;64.11274240001256;64.61849600001241;64.36561920001249;100.0;64.61849600001241;64.89436160001233;64.3426304000125;64.41159680001248;64.38860800001248;64.6874624000124;64.52654080001244;100.0;100.0;
116.02035866666182;64.3842048000125;64.43018240001248;64.33822720001251;64.56811520001244;64.3612160000125;64.10833920001258;64.26926080001253;64.29224960001252;64.17730560001256;64.26926080001253;63.832473600012634;64.3612160000125;64.10833920001258;100.0;64.3612160000125;64.61409280001243;64.0623616000126;64.15431680001257;64.10833920001258;64.40719360001249;64.26926080001253;100.0;100.0;
117.00435866666176;64.02969600001262;64.0986624000126;64.00670720001263;64.25958400001255;64.02969600001262;63.79980800001269;63.91475200001264;63.96072960001264;63.84578560001266;63.96072960001264;63.50095360001272;64.02969600001262;63.77681920001268;100.0;64.02969600001262;64.28257280001255;63.73084160001268;63.82279680001268;63.799808000012675;64.0756736000126;63.91475200001264;100.0;100.0;
118.00435866666169;63.7724160000127;63.818393600012676;63.7191168000127;63.97199360001264;63.74942720001269;63.51953920001276;63.65747200001272;63.70344960001272;63.56551680001273;63.70344960001272;63.2436736000128;63.74942720001269;63.49655040001275;100.0;63.7724160000127;64.00230400001264;63.47356160001276;63.49655040001274;63.519539200012744;63.795404800012676;63.65747200001272;100.0;100.0;
119.0025506666616;63.41058560001278;63.486873600012764;63.394918400012784;63.64779520001272;63.41058560001278;63.188019200012846;63.325952000012805;63.371929600012805;63.23399680001282;63.371929600012805;62.912153600012886;63.440896000012785;63.134720000012834;100.0;63.46388480001279;63.67078400001273;63.09606400001283;63.165030400012824;63.18801920001283;63.48687360001277;63.34894080001281;100.0;100.0;
120.00238399999488;63.10937600001287;63.17834240001286;63.08638720001288;63.31627520001281;63.086387200012865;62.856499200012934;62.99443200001289;63.0633984000129;62.92546560001291;63.017420800012886;62.60362240001298;63.086387200012865;62.833510400012926;100.0;63.13236480001288;63.33926400001282;62.74155520001291;62.85649920001292;62.85649920001292;63.15535360001286;62.99443200001289;100.0;100.0;
121.00735866666146;62.68897280001298;62.80391680001298;62.68897280001299;62.94184960001293;62.66598400001297;62.39011840001302;62.597017600013004;62.642995200013004;62.48207360001301;62.59701760001299;62.20620800001309;62.711961600012984;62.43609600001304;100.0;62.711961600012984;62.94184960001293;62.34414080001302;62.45908480001303;62.43609600001302;62.73495040001296;62.62000640001301;100.0;100.0;
122.04735866666137;62.37209600001306;62.48704000001306;62.39508480001308;62.62497280001301;62.37209600001306;62.073241600013105;62.280140800013086;62.32611840001309;62.16519680001309;62.30312960001308;61.86634240001317;62.395084800013066;62.11921920001312;100.0;62.418073600013074;62.62497280001301;62.0042752000131;62.14220800001311;62.14220800001311;62.44106240001305;62.280140800013086;100.0;100.0;
123.00755066666129;62.10017280001314;62.192128000013135;62.12316160001316;62.33006080001309;62.10017280001314;61.77100800001318;62.00821760001317;61.98522880001315;61.83997440001316;62.008217600013154;61.57143040001324;62.12316160001315;61.824307200013195;100.0;62.146150400013155;62.33006080001309;61.73235200001318;61.84729600001319;61.84729600001319;62.14615040001313;61.98522880001316;100.0;100.0;
124.00035866666126;61.731020800013226;61.868953600013235;61.75400960001325;61.98389760001318;61.677721600013214;61.409177600013265;61.66205440001326;61.66205440001325;61.52412160001326;61.66205440001325;61.225267200013334;61.79998720001325;61.45515520001328;100.0;61.822976000013256;61.98389760001318;61.38618880001327;61.50113280001328;61.50113280001328;61.82297600001323;61.66205440001326;100.0;100.0;
125.00235866666118;61.4287872000133;61.58970880001332;61.47476480001333;61.65867520001325;61.405798400013296;61.12993280001335;61.382809600013346;61.33683200001332;61.244876800013344;61.32951040001332;60.94602240001342;61.497753600013326;61.175910400013365;100.0;61.52074240001333;61.65867520001325;61.10694400001336;61.19889920001336;61.19889920001336;61.520742400013305;61.35982080001334;100.0;100.0;
126.0002173333278;61.1202560000134;61.25086720001341;61.16623360001343;61.32715520001334;61.05128960001338;60.79841280001344;61.05128960001343;60.9823232000134;60.890368000013424;60.9823232000134;60.60718080001351;61.143244800013406;60.84439040001345;100.0;61.18922240001342;61.350144000013344;60.775424000013444;60.89036800001345;60.89036800001345;61.18922240001339;61.028300800013426;100.0;100.0;
127.03835866666107;60.80337920001348;60.9643008000135;60.84935680001351;61.01027840001342;60.757401600013466;60.50452480001353;60.734412800013516;60.66544640001348;60.596480000013514;60.66544640001348;60.29762560001359;60.82636800001349;60.527513600013535;100.0;60.89533440001351;61.01027840001342;60.481536000013534;60.573491200013535;60.573491200013535;60.872345600013475;60.71142400001351;100.0;100.0;
128.04571733332764;60.49382400001356;60.65474560001358;60.51681280001358;60.723712000013506;60.447846400013546;60.1719808000136;60.424857600013596;60.37888000001357;60.286924800013594;60.37888000001357;60.011059200013676;60.51681280001357;60.217958400013615;100.0;60.58577920001359;60.7007232000135;60.171980800013614;60.263936000013615;60.28692480001362;60.562790400013554;60.424857600013596;100.0;100.0;
129.01371733332755;60.24284160001362;60.42675200001364;60.28881920001365;60.472729600013565;60.196864000013605;59.943987200013666;60.173875200013654;60.127897600013625;60.05893120001366;60.15088640001363;59.760076800013735;60.288819200013634;59.98996480001368;100.0;60.33479680001365;60.472729600013565;59.94398720001368;60.00563200001368;60.05893120001369;60.31180800001361;60.19686400001366;100.0;100.0;
130.03935866666072;59.9259648000137;60.109875200013725;59.99493120001374;60.178841600013655;59.85699840001368;59.62711040001375;59.83400960001373;59.834009600013715;59.74205440001374;59.834009600013715;59.466188800013825;59.994931200013724;59.67308800001376;100.0;60.01792000001373;60.15585280001365;59.62711040001376;59.719065600013764;59.74205440001377;60.0179200000137;59.85699840001374;100.0;100.0;
131.00735866666065;59.660339200013766;59.84424960001379;59.7293056000138;59.936204800013726;59.61436160001375;59.38447360001382;59.56838400001379;59.59137280001379;59.4534400000138;59.59137280001379;59.20056320001389;59.72930560001379;59.430451200013835;100.0;59.7752832000138;59.89022720001371;59.384473600013834;59.476428800013835;59.49941760001384;59.775283200013774;59.5913728000138;100.0;100.0;
132.00305066666058;59.380070400013835;59.56398080001386;59.47202560001388;59.6789248000138;59.35708160001383;59.1271936000139;59.28811520001386;59.311104000013856;59.16584960001387;59.33409280001386;58.943283200013965;59.44903680001386;59.150182400013904;100.0;59.49501440001387;59.586969600013774;59.1042048000139;59.196160000013904;59.24213760001392;59.495014400013844;59.33409280001388;100.0;100.0;
133.0050506666605;59.10082560001392;59.261747200013936;59.169792000013956;59.35370240001387;59.054848000013905;58.801971200013966;58.97856000001394;59.00887040001393;58.89392640001395;59.03185920001394;58.66403840001405;59.16979200001394;58.840627200013984;100.0;59.19278080001395;59.30772480001386;58.80197120001398;58.89392640001398;58.939904000013996;59.19278080001392;59.05484800001396;100.0;100.0;
134.07835866666053;58.75466240001401;58.938572800014036;58.80064000001404;59.03052800001397;58.708684800014;58.43281920001405;58.63971840001403;58.662707200014026;58.547763200014046;58.68569600001403;58.31787520001414;58.823628800014035;58.501785600014074;100.0;58.86960640001405;58.938572800013944;58.45580800001407;58.52477440001407;58.6167296000141;58.86960640001402;58.708684800014055;100.0;100.0;
135.00071733332715;58.50470400001409;58.658304000014105;58.550681600014116;58.78056960001405;58.435737600014065;58.182860800014126;58.38976000001411;58.38976000001409;58.27481600001411;58.38976000001409;58.04492800001421;58.5506816000141;58.25182720001415;100.0;58.5506816000141;58.66562560001401;58.20584960001415;58.27481600001414;58.336460800014166;58.619648000014095;58.45872640001413;100.0;100.0;
136.0013839999938;58.19514880001417;58.35607040001418;58.2641152000142;58.44802560001412;58.126182400014144;57.86598400001421;58.08020480001419;58.04989440001417;57.96526080001419;58.08020480001417;57.73537280001429;58.24112640001418;57.94227200001423;100.0;58.26411520001419;58.3790592000141;57.88897280001423;57.98824960001423;58.05721600001425;58.310092800014175;58.14917120001421;100.0;100.0;
137.00971733332696;57.85733120001427;58.01825280001429;57.9033088000143;58.110208000014225;57.76537600001424;57.53548800001431;57.67342080001427;57.64311040001425;57.59713280001429;57.74238720001428;57.397555200014395;57.834342400014265;57.60445440001433;100.0;57.90330880001429;57.97227520001418;57.48951040001431;57.650432000014334;57.69640960001435;57.94928640001427;57.78836480001431;100.0;100.0;
138.0008839999935;57.45991680001438;57.58218240001438;57.482905600014405;57.720115200014334;57.37528320001435;57.14539520001442;57.28332800001438;57.26033920001436;57.19137280001439;57.35229440001439;57.007462400014504;57.421260800014366;57.23735040001445;100.0;57.513216000014395;57.6051712000143;57.09941760001442;57.237350400014435;57.28332800001445;57.536204800014374;57.37528320001441;100.0;100.0;
139.01035866666007;57.19531520001446;57.26428160001445;57.218304000014484;57.42520320001441;57.10336000001443;56.850483200014494;56.965427200014446;56.98841600001444;56.919449600014474;57.08037120001447;56.735539200014586;57.14933760001445;56.91944960001452;100.0;57.21830400001447;57.33324800001438;56.78151680001449;56.94243840001451;57.01140480001453;57.264281600014456;57.10336000001449;100.0;100.0;
140.02635866666;56.96732160001453;57.036288000014515;56.99031040001455;57.197209600014475;56.8753664000145;56.59950080001455;56.73743360001451;56.760422400014505;56.645478400014525;56.852377600014535;56.484556800014644;56.89835520001451;56.69145600001458;100.0;56.990310400014536;57.08226560001444;56.55352320001455;56.714444800014576;56.76042240001459;57.013299200014515;56.875366400014556;100.0;100.0;
141.0323839999933;56.665088000014606;56.711065600014585;56.711065600014635;56.91796480001456;56.57313280001458;56.27427840001462;56.4581888000146;56.45818880001458;56.36623360001461;56.527155200014604;56.20531200001473;56.596121600014584;56.38922240001466;100.0;56.68807680001461;56.80302080001452;56.25128960001463;56.41221120001465;56.481177600014675;56.7340544000146;56.57313280001463;100.0;100.0;
142.0003586666598;56.400486400014685;56.446464000014664;56.42347520001471;56.584396800014616;56.28554240001465;55.986688000014695;56.17059840001467;56.19358720001466;56.071321600014684;56.239564800014676;55.9177216000148;56.33152000001466;56.12462080001474;100.0;56.400486400014685;56.515430400014594;55.98668800001471;56.14760960001473;56.19358720001475;56.46945280001468;56.285542400014705;100.0;100.0;
143.01988399999303;56.06999040001479;56.09297920001476;56.09297920001481;56.25390080001472;55.932057600014744;55.63320320001479;55.84010240001477;55.863091200014765;55.748147200014785;55.90906880001478;55.51825920001488;55.97803520001476;55.74814720001483;100.0;56.04700160001478;56.16194560001469;55.6102144000148;55.725158400014806;55.84010240001484;56.09297920001477;55.901747200014796;100.0;100.0;
144.01635866665958;55.69454080001489;55.67155200001485;55.694540800014906;55.87845120001482;55.55660800001485;55.257753600014894;55.464652800014875;55.46465280001486;55.37269760001489;55.53361920001488;55.08951040001497;55.62557440001487;55.39568640001494;100.0;55.671552000014884;55.78649600001479;55.21177600001489;55.3267200000149;55.48764160001495;55.69454080001486;55.556608000014904;100.0;100.0;
145.00771733332624;55.37664000001496;55.39962880001493;55.37664000001497;55.606528000014904;55.238707200014915;54.96284160001497;55.19272960001496;55.19272960001494;55.10077440001497;55.261696000014965;54.82490880001505;55.35365120001495;55.10077440001501;100.0;55.32334080001495;55.514572800014875;54.91686400001497;55.054796800014984;55.19272960001503;55.39962880001494;55.284684800014986;100.0;100.0;
146.01035866665944;55.11203840001504;55.13502720001501;55.089049600015045;55.318937600014976;54.95111680001499;54.69824000001505;54.928128000015036;54.89781760001502;54.83617280001505;54.97410560001504;54.56030720001513;55.06606080001502;54.813184000015085;100.0;55.043072000015016;55.22698240001495;54.65226240001505;54.767206400015056;54.88215040001509;55.11203840001501;55.020083200015065;100.0;100.0;
147.00235866665938;54.82444800001511;54.840115200015084;54.80145920001512;55.054336000015056;54.686515200015066;54.43363840001513;54.663526400015115;54.61022720001509;54.54858240001512;54.709504000015116;54.2424064000152;54.778470400015095;54.525593600015156;100.0;54.75548160001509;54.962380800015026;54.34168320001511;54.47961600001513;54.61754880001517;54.801459200015074;54.755481600015145;100.0;100.0;
148.00535866665948;54.43435520001522;54.45734400001519;54.411366400015226;54.68723200001517;54.27343360001517;54.02055680001523;54.22745600001521;54.227456000015195;54.18147840001524;54.319411200015224;53.8366464000153;54.41136640001521;54.15848960001527;100.0;54.3653888000152;54.572288000015135;53.92860160001521;54.06653440001523;54.20446720001527;54.41136640001518;54.36538880001525;100.0;100.0;
149.00888399999266;54.13944320001529;54.13944320001526;54.1091328000153;54.392320000015246;54.00151040001525;53.7256448000153;53.95553280001529;53.95553280001528;53.88656640001531;54.0244992000153;53.54173440001537;54.13944320001529;53.86357760001535;100.0;54.09346560001528;54.27737600001521;53.63368960001529;53.748633600015296;53.90955520001535;54.139443200015265;54.093465600015335;100.0;100.0;
150.00788399999254;53.838233600015386;53.83823360001535;53.76926720001538;54.09111040001534;53.677312000015334;53.40144640001539;53.654323200015384;53.608345600015355;53.5623680000154;53.700300800015384;53.19454720001545;53.80792320001538;53.56236800001544;100.0;53.76926720001536;53.93018880001529;53.30949120001537;53.42443520001538;53.578035200015435;53.81524480001535;53.76926720001542;100.0;100.0;
151.03235866665912;53.53600000001546;53.558988800015435;53.49002240001546;53.81186560001542;53.37507840001541;53.07622400001546;53.35208960001546;53.30611200001543;53.28312320001548;53.42105600001547;52.89231360001553;53.513011200015455;53.23714560001551;100.0;53.49002240001545;53.65094400001537;53.03024640001546;53.12220160001546;53.30611200001552;53.51301120001543;53.4670336000155;100.0;100.0;
152.00055066665905;53.21809920001553;53.2410880000155;53.218099200015544;53.539942400015505;53.10315520001549;52.78131200001553;53.057177600015535;53.011200000015506;53.01120000001556;53.118822400015546;52.62039040001561;53.21809920001553;52.96522240001559;100.0;53.172121600015515;53.356032000015446;52.712345600015524;52.85027840001554;53.0341888000156;53.24108800001551;53.17212160001557;100.0;100.0;
153.004050666659;52.90122240001561;52.94720000001559;52.90122240001563;53.246054400015595;52.786278400015576;52.464435200015615;52.763289600015625;52.67133440001558;52.68700160001565;52.83225600001563;52.280524800015684;52.90122240001561;52.67133440001568;100.0;52.878233600015605;53.03915520001553;52.3724800000156;52.510412800015615;52.74030080001569;52.92421120001559;52.855244800015655;100.0;100.0;
154.042358666659;52.5697024000157;52.63866880001569;52.569702400015714;52.91453440001568;52.45475840001566;52.109926400015695;52.43176960001571;52.33981440001567;52.36280320001573;52.50073600001572;51.97199360001578;52.5697024000157;52.33981440001577;100.0;52.523724800015685;52.730624000015624;52.04096000001569;52.20188160001571;52.431769600015784;52.59269120001568;52.500736000015735;100.0;100.0;
155.00305066665902;52.26746880001578;52.336435200015764;52.2904576000158;52.61230080001576;52.12953600001573;51.80769280001577;52.12953600001579;52.060569600015754;52.08355840001582;52.221491200015805;51.669760000015856;52.24448000001577;52.037580800015846;100.0;52.24448000001577;52.45137920001571;51.738726400015764;51.89964800001579;52.099225600015856;52.290457600015756;52.22149120001582;100.0;100.0;
156.00471733332557;51.890995200015865;51.98295040001586;51.936972800015894;52.28180480001586;51.77605120001583;51.477196800015875;51.776051200015885;51.68409600001584;51.707084800015906;51.8680064000159;51.293286400015944;51.86800640001586;51.68409600001594;100.0;51.890995200015865;52.074905600015796;51.38524160001586;51.54616320001588;51.74574080001595;51.95996160001586;51.89099520001592;100.0;100.0;
157.0083586666588;51.61804800001593;51.710003200015926;51.68701440001597;52.00153600001593;51.503104000015895;51.22723840001595;51.52609280001596;51.434137600015916;51.43413760001597;51.618048000015975;51.04332800001602;51.61804800001593;51.41114880001601;100.0;51.61804800001593;51.80195840001586;51.135283200015934;51.27321600001595;51.50310400001602;51.687014400015926;51.61804800001599;100.0;100.0;
158.00635866665874;51.31581440001601;51.407769600016;51.40776960001605;51.729612800016014;51.22385920001598;50.925004800016026;51.246848000016044;51.13190400001599;51.10891520001604;51.33880320001606;50.7640832000161;51.31581440001601;51.08592640001608;100.0;51.292825600016;51.49240320001594;50.83304960001601;50.993971200016034;51.22385920001611;51.384780800016;51.315814400016066;100.0;100.0;
159.02155066665864;50.96862720001609;51.05326080001608;51.106560000016145;51.38242560001609;50.87667200001606;50.577817600016104;50.92264960001613;50.80770560001608;50.807705600016135;51.014604800016144;50.43988480001619;50.991616000016094;50.78471680001617;100.0;50.991616000016094;51.19851520001603;50.508851200016096;50.69276160001613;50.9226496000162;51.083571200016095;50.968627200016144;100.0;100.0;
160.0753586666586;50.704025600016166;50.77299200001615;50.81896960001622;51.11782400001617;50.61207040001614;50.290227200016176;50.65804800001621;50.54310400001616;50.52011520001621;50.727014400016216;50.12930560001625;50.727014400016174;50.52011520001625;100.0;50.704025600016166;50.910924800016105;50.22126080001617;50.4051712000162;50.65804800001628;50.79598080001617;50.70402560001622;100.0;100.0;
